board_id, chip_id, channel_id, detector_id, plane_type, strip_id, polarity
       0,       0,          0,           1,          0,      127, -1
       0,       0,          1,           1,          0,       95, -1
       0,       0,          2,           1,          0,       63, -1
       0,       0,          3,           1,          0,       31, -1
       0,       0,          4,           1,          0,      119, -1
       0,       0,          5,           1,          0,       87, -1
       0,       0,          6,           1,          0,       55, -1
       0,       0,          7,           1,          0,       23, -1
       0,       0,          8,           1,          0,      111, -1
       0,       0,          9,           1,          0,       79, -1
       0,       0,         10,           1,          0,       47, -1
       0,       0,         11,           1,          0,       15, -1
       0,       0,         12,           1,          0,      103, -1
       0,       0,         13,           1,          0,       71, -1
       0,       0,         14,           1,          0,       39, -1
       0,       0,         15,           1,          0,        7, -1
       0,       0,         16,           1,          0,      126, -1
       0,       0,         17,           1,          0,       94, -1
       0,       0,         18,           1,          0,       62, -1
       0,       0,         19,           1,          0,       30, -1
       0,       0,         20,           1,          0,      118, -1
       0,       0,         21,           1,          0,       86, -1
       0,       0,         22,           1,          0,       54, -1
       0,       0,         23,           1,          0,       22, -1
       0,       0,         24,           1,          0,      110, -1
       0,       0,         25,           1,          0,       78, -1
       0,       0,         26,           1,          0,       46, -1
       0,       0,         27,           1,          0,       14, -1
       0,       0,         28,           1,          0,      102, -1
       0,       0,         29,           1,          0,       70, -1
       0,       0,         30,           1,          0,       38, -1
       0,       0,         31,           1,          0,        6, -1
       0,       0,         32,           1,          0,      125, -1
       0,       0,         33,           1,          0,       93, -1
       0,       0,         34,           1,          0,       61, -1
       0,       0,         35,           1,          0,       29, -1
       0,       0,         36,           1,          0,      117, -1
       0,       0,         37,           1,          0,       85, -1
       0,       0,         38,           1,          0,       53, -1
       0,       0,         39,           1,          0,       21, -1
       0,       0,         40,           1,          0,      109, -1
       0,       0,         41,           1,          0,       77, -1
       0,       0,         42,           1,          0,       45, -1
       0,       0,         43,           1,          0,       13, -1
       0,       0,         44,           1,          0,      101, -1
       0,       0,         45,           1,          0,       69, -1
       0,       0,         46,           1,          0,       37, -1
       0,       0,         47,           1,          0,        5, -1
       0,       0,         48,           1,          0,      124, -1
       0,       0,         49,           1,          0,       92, -1
       0,       0,         50,           1,          0,       60, -1
       0,       0,         51,           1,          0,       28, -1
       0,       0,         52,           1,          0,      116, -1
       0,       0,         53,           1,          0,       84, -1
       0,       0,         54,           1,          0,       52, -1
       0,       0,         55,           1,          0,       20, -1
       0,       0,         56,           1,          0,      108, -1
       0,       0,         57,           1,          0,       76, -1
       0,       0,         58,           1,          0,       44, -1
       0,       0,         59,           1,          0,       12, -1
       0,       0,         60,           1,          0,      100, -1
       0,       0,         61,           1,          0,       68, -1
       0,       0,         62,           1,          0,       36, -1
       0,       0,         63,           1,          0,        4, -1
       0,       0,         64,           1,          0,      123, -1
       0,       0,         65,           1,          0,       91, -1
       0,       0,         66,           1,          0,       59, -1
       0,       0,         67,           1,          0,       27, -1
       0,       0,         68,           1,          0,      115, -1
       0,       0,         69,           1,          0,       83, -1
       0,       0,         70,           1,          0,       51, -1
       0,       0,         71,           1,          0,       19, -1
       0,       0,         72,           1,          0,      107, -1
       0,       0,         73,           1,          0,       75, -1
       0,       0,         74,           1,          0,       43, -1
       0,       0,         75,           1,          0,       11, -1
       0,       0,         76,           1,          0,       99, -1
       0,       0,         77,           1,          0,       67, -1
       0,       0,         78,           1,          0,       35, -1
       0,       0,         79,           1,          0,        3, -1
       0,       0,         80,           1,          0,      122, -1
       0,       0,         81,           1,          0,       90, -1
       0,       0,         82,           1,          0,       58, -1
       0,       0,         83,           1,          0,       26, -1
       0,       0,         84,           1,          0,      114, -1
       0,       0,         85,           1,          0,       82, -1
       0,       0,         86,           1,          0,       50, -1
       0,       0,         87,           1,          0,       18, -1
       0,       0,         88,           1,          0,      106, -1
       0,       0,         89,           1,          0,       74, -1
       0,       0,         90,           1,          0,       42, -1
       0,       0,         91,           1,          0,       10, -1
       0,       0,         92,           1,          0,       98, -1
       0,       0,         93,           1,          0,       66, -1
       0,       0,         94,           1,          0,       34, -1
       0,       0,         95,           1,          0,        2, -1
       0,       0,         96,           1,          0,      121, -1
       0,       0,         97,           1,          0,       89, -1
       0,       0,         98,           1,          0,       57, -1
       0,       0,         99,           1,          0,       25, -1
       0,       0,        100,           1,          0,      113, -1
       0,       0,        101,           1,          0,       81, -1
       0,       0,        102,           1,          0,       49, -1
       0,       0,        103,           1,          0,       17, -1
       0,       0,        104,           1,          0,      105, -1
       0,       0,        105,           1,          0,       73, -1
       0,       0,        106,           1,          0,       41, -1
       0,       0,        107,           1,          0,        9, -1
       0,       0,        108,           1,          0,       97, -1
       0,       0,        109,           1,          0,       65, -1
       0,       0,        110,           1,          0,       33, -1
       0,       0,        111,           1,          0,        1, -1
       0,       0,        112,           1,          0,      120, -1
       0,       0,        113,           1,          0,       88, -1
       0,       0,        114,           1,          0,       56, -1
       0,       0,        115,           1,          0,       24, -1
       0,       0,        116,           1,          0,      112, -1
       0,       0,        117,           1,          0,       80, -1
       0,       0,        118,           1,          0,       48, -1
       0,       0,        119,           1,          0,       16, -1
       0,       0,        120,           1,          0,      104, -1
       0,       0,        121,           1,          0,       72, -1
       0,       0,        122,           1,          0,       40, -1
       0,       0,        123,           1,          0,        8, -1
       0,       0,        124,           1,          0,       96, -1
       0,       0,        125,           1,          0,       64, -1
       0,       0,        126,           1,          0,       32, -1
       0,       0,        127,           1,          0,        0, -1
       0,       1,          0,           1,          0,      255, -1
       0,       1,          1,           1,          0,      223, -1
       0,       1,          2,           1,          0,      191, -1
       0,       1,          3,           1,          0,      159, -1
       0,       1,          4,           1,          0,      247, -1
       0,       1,          5,           1,          0,      215, -1
       0,       1,          6,           1,          0,      183, -1
       0,       1,          7,           1,          0,      151, -1
       0,       1,          8,           1,          0,      239, -1
       0,       1,          9,           1,          0,      207, -1
       0,       1,         10,           1,          0,      175, -1
       0,       1,         11,           1,          0,      143, -1
       0,       1,         12,           1,          0,      231, -1
       0,       1,         13,           1,          0,      199, -1
       0,       1,         14,           1,          0,      167, -1
       0,       1,         15,           1,          0,      135, -1
       0,       1,         16,           1,          0,      254, -1
       0,       1,         17,           1,          0,      222, -1
       0,       1,         18,           1,          0,      190, -1
       0,       1,         19,           1,          0,      158, -1
       0,       1,         20,           1,          0,      246, -1
       0,       1,         21,           1,          0,      214, -1
       0,       1,         22,           1,          0,      182, -1
       0,       1,         23,           1,          0,      150, -1
       0,       1,         24,           1,          0,      238, -1
       0,       1,         25,           1,          0,      206, -1
       0,       1,         26,           1,          0,      174, -1
       0,       1,         27,           1,          0,      142, -1
       0,       1,         28,           1,          0,      230, -1
       0,       1,         29,           1,          0,      198, -1
       0,       1,         30,           1,          0,      166, -1
       0,       1,         31,           1,          0,      134, -1
       0,       1,         32,           1,          0,      253, -1
       0,       1,         33,           1,          0,      221, -1
       0,       1,         34,           1,          0,      189, -1
       0,       1,         35,           1,          0,      157, -1
       0,       1,         36,           1,          0,      245, -1
       0,       1,         37,           1,          0,      213, -1
       0,       1,         38,           1,          0,      181, -1
       0,       1,         39,           1,          0,      149, -1
       0,       1,         40,           1,          0,      237, -1
       0,       1,         41,           1,          0,      205, -1
       0,       1,         42,           1,          0,      173, -1
       0,       1,         43,           1,          0,      141, -1
       0,       1,         44,           1,          0,      229, -1
       0,       1,         45,           1,          0,      197, -1
       0,       1,         46,           1,          0,      165, -1
       0,       1,         47,           1,          0,      133, -1
       0,       1,         48,           1,          0,      252, -1
       0,       1,         49,           1,          0,      220, -1
       0,       1,         50,           1,          0,      188, -1
       0,       1,         51,           1,          0,      156, -1
       0,       1,         52,           1,          0,      244, -1
       0,       1,         53,           1,          0,      212, -1
       0,       1,         54,           1,          0,      180, -1
       0,       1,         55,           1,          0,      148, -1
       0,       1,         56,           1,          0,      236, -1
       0,       1,         57,           1,          0,      204, -1
       0,       1,         58,           1,          0,      172, -1
       0,       1,         59,           1,          0,      140, -1
       0,       1,         60,           1,          0,      228, -1
       0,       1,         61,           1,          0,      196, -1
       0,       1,         62,           1,          0,      164, -1
       0,       1,         63,           1,          0,      132, -1
       0,       1,         64,           1,          0,      251, -1
       0,       1,         65,           1,          0,      219, -1
       0,       1,         66,           1,          0,      187, -1
       0,       1,         67,           1,          0,      155, -1
       0,       1,         68,           1,          0,      243, -1
       0,       1,         69,           1,          0,      211, -1
       0,       1,         70,           1,          0,      179, -1
       0,       1,         71,           1,          0,      147, -1
       0,       1,         72,           1,          0,      235, -1
       0,       1,         73,           1,          0,      203, -1
       0,       1,         74,           1,          0,      171, -1
       0,       1,         75,           1,          0,      139, -1
       0,       1,         76,           1,          0,      227, -1
       0,       1,         77,           1,          0,      195, -1
       0,       1,         78,           1,          0,      163, -1
       0,       1,         79,           1,          0,      131, -1
       0,       1,         80,           1,          0,      250, -1
       0,       1,         81,           1,          0,      218, -1
       0,       1,         82,           1,          0,      186, -1
       0,       1,         83,           1,          0,      154, -1
       0,       1,         84,           1,          0,      242, -1
       0,       1,         85,           1,          0,      210, -1
       0,       1,         86,           1,          0,      178, -1
       0,       1,         87,           1,          0,      146, -1
       0,       1,         88,           1,          0,      234, -1
       0,       1,         89,           1,          0,      202, -1
       0,       1,         90,           1,          0,      170, -1
       0,       1,         91,           1,          0,      138, -1
       0,       1,         92,           1,          0,      226, -1
       0,       1,         93,           1,          0,      194, -1
       0,       1,         94,           1,          0,      162, -1
       0,       1,         95,           1,          0,      130, -1
       0,       1,         96,           1,          0,      249, -1
       0,       1,         97,           1,          0,      217, -1
       0,       1,         98,           1,          0,      185, -1
       0,       1,         99,           1,          0,      153, -1
       0,       1,        100,           1,          0,      241, -1
       0,       1,        101,           1,          0,      209, -1
       0,       1,        102,           1,          0,      177, -1
       0,       1,        103,           1,          0,      145, -1
       0,       1,        104,           1,          0,      233, -1
       0,       1,        105,           1,          0,      201, -1
       0,       1,        106,           1,          0,      169, -1
       0,       1,        107,           1,          0,      137, -1
       0,       1,        108,           1,          0,      225, -1
       0,       1,        109,           1,          0,      193, -1
       0,       1,        110,           1,          0,      161, -1
       0,       1,        111,           1,          0,      129, -1
       0,       1,        112,           1,          0,      248, -1
       0,       1,        113,           1,          0,      216, -1
       0,       1,        114,           1,          0,      184, -1
       0,       1,        115,           1,          0,      152, -1
       0,       1,        116,           1,          0,      240, -1
       0,       1,        117,           1,          0,      208, -1
       0,       1,        118,           1,          0,      176, -1
       0,       1,        119,           1,          0,      144, -1
       0,       1,        120,           1,          0,      232, -1
       0,       1,        121,           1,          0,      200, -1
       0,       1,        122,           1,          0,      168, -1
       0,       1,        123,           1,          0,      136, -1
       0,       1,        124,           1,          0,      224, -1
       0,       1,        125,           1,          0,      192, -1
       0,       1,        126,           1,          0,      160, -1
       0,       1,        127,           1,          0,      128, -1
       0,       2,          0,           1,          1,      127, -1
       0,       2,          1,           1,          1,       95, -1
       0,       2,          2,           1,          1,       63, -1
       0,       2,          3,           1,          1,       31, -1
       0,       2,          4,           1,          1,      119, -1
       0,       2,          5,           1,          1,       87, -1
       0,       2,          6,           1,          1,       55, -1
       0,       2,          7,           1,          1,       23, -1
       0,       2,          8,           1,          1,      111, -1
       0,       2,          9,           1,          1,       79, -1
       0,       2,         10,           1,          1,       47, -1
       0,       2,         11,           1,          1,       15, -1
       0,       2,         12,           1,          1,      103, -1
       0,       2,         13,           1,          1,       71, -1
       0,       2,         14,           1,          1,       39, -1
       0,       2,         15,           1,          1,        7, -1
       0,       2,         16,           1,          1,      126, -1
       0,       2,         17,           1,          1,       94, -1
       0,       2,         18,           1,          1,       62, -1
       0,       2,         19,           1,          1,       30, -1
       0,       2,         20,           1,          1,      118, -1
       0,       2,         21,           1,          1,       86, -1
       0,       2,         22,           1,          1,       54, -1
       0,       2,         23,           1,          1,       22, -1
       0,       2,         24,           1,          1,      110, -1
       0,       2,         25,           1,          1,       78, -1
       0,       2,         26,           1,          1,       46, -1
       0,       2,         27,           1,          1,       14, -1
       0,       2,         28,           1,          1,      102, -1
       0,       2,         29,           1,          1,       70, -1
       0,       2,         30,           1,          1,       38, -1
       0,       2,         31,           1,          1,        6, -1
       0,       2,         32,           1,          1,      125, -1
       0,       2,         33,           1,          1,       93, -1
       0,       2,         34,           1,          1,       61, -1
       0,       2,         35,           1,          1,       29, -1
       0,       2,         36,           1,          1,      117, -1
       0,       2,         37,           1,          1,       85, -1
       0,       2,         38,           1,          1,       53, -1
       0,       2,         39,           1,          1,       21, -1
       0,       2,         40,           1,          1,      109, -1
       0,       2,         41,           1,          1,       77, -1
       0,       2,         42,           1,          1,       45, -1
       0,       2,         43,           1,          1,       13, -1
       0,       2,         44,           1,          1,      101, -1
       0,       2,         45,           1,          1,       69, -1
       0,       2,         46,           1,          1,       37, -1
       0,       2,         47,           1,          1,        5, -1
       0,       2,         48,           1,          1,      124, -1
       0,       2,         49,           1,          1,       92, -1
       0,       2,         50,           1,          1,       60, -1
       0,       2,         51,           1,          1,       28, -1
       0,       2,         52,           1,          1,      116, -1
       0,       2,         53,           1,          1,       84, -1
       0,       2,         54,           1,          1,       52, -1
       0,       2,         55,           1,          1,       20, -1
       0,       2,         56,           1,          1,      108, -1
       0,       2,         57,           1,          1,       76, -1
       0,       2,         58,           1,          1,       44, -1
       0,       2,         59,           1,          1,       12, -1
       0,       2,         60,           1,          1,      100, -1
       0,       2,         61,           1,          1,       68, -1
       0,       2,         62,           1,          1,       36, -1
       0,       2,         63,           1,          1,        4, -1
       0,       2,         64,           1,          1,      123, -1
       0,       2,         65,           1,          1,       91, -1
       0,       2,         66,           1,          1,       59, -1
       0,       2,         67,           1,          1,       27, -1
       0,       2,         68,           1,          1,      115, -1
       0,       2,         69,           1,          1,       83, -1
       0,       2,         70,           1,          1,       51, -1
       0,       2,         71,           1,          1,       19, -1
       0,       2,         72,           1,          1,      107, -1
       0,       2,         73,           1,          1,       75, -1
       0,       2,         74,           1,          1,       43, -1
       0,       2,         75,           1,          1,       11, -1
       0,       2,         76,           1,          1,       99, -1
       0,       2,         77,           1,          1,       67, -1
       0,       2,         78,           1,          1,       35, -1
       0,       2,         79,           1,          1,        3, -1
       0,       2,         80,           1,          1,      122, -1
       0,       2,         81,           1,          1,       90, -1
       0,       2,         82,           1,          1,       58, -1
       0,       2,         83,           1,          1,       26, -1
       0,       2,         84,           1,          1,      114, -1
       0,       2,         85,           1,          1,       82, -1
       0,       2,         86,           1,          1,       50, -1
       0,       2,         87,           1,          1,       18, -1
       0,       2,         88,           1,          1,      106, -1
       0,       2,         89,           1,          1,       74, -1
       0,       2,         90,           1,          1,       42, -1
       0,       2,         91,           1,          1,       10, -1
       0,       2,         92,           1,          1,       98, -1
       0,       2,         93,           1,          1,       66, -1
       0,       2,         94,           1,          1,       34, -1
       0,       2,         95,           1,          1,        2, -1
       0,       2,         96,           1,          1,      121, -1
       0,       2,         97,           1,          1,       89, -1
       0,       2,         98,           1,          1,       57, -1
       0,       2,         99,           1,          1,       25, -1
       0,       2,        100,           1,          1,      113, -1
       0,       2,        101,           1,          1,       81, -1
       0,       2,        102,           1,          1,       49, -1
       0,       2,        103,           1,          1,       17, -1
       0,       2,        104,           1,          1,      105, -1
       0,       2,        105,           1,          1,       73, -1
       0,       2,        106,           1,          1,       41, -1
       0,       2,        107,           1,          1,        9, -1
       0,       2,        108,           1,          1,       97, -1
       0,       2,        109,           1,          1,       65, -1
       0,       2,        110,           1,          1,       33, -1
       0,       2,        111,           1,          1,        1, -1
       0,       2,        112,           1,          1,      120, -1
       0,       2,        113,           1,          1,       88, -1
       0,       2,        114,           1,          1,       56, -1
       0,       2,        115,           1,          1,       24, -1
       0,       2,        116,           1,          1,      112, -1
       0,       2,        117,           1,          1,       80, -1
       0,       2,        118,           1,          1,       48, -1
       0,       2,        119,           1,          1,       16, -1
       0,       2,        120,           1,          1,      104, -1
       0,       2,        121,           1,          1,       72, -1
       0,       2,        122,           1,          1,       40, -1
       0,       2,        123,           1,          1,        8, -1
       0,       2,        124,           1,          1,       96, -1
       0,       2,        125,           1,          1,       64, -1
       0,       2,        126,           1,          1,       32, -1
       0,       2,        127,           1,          1,        0, -1
       0,       3,          0,           1,          1,      255, -1
       0,       3,          1,           1,          1,      223, -1
       0,       3,          2,           1,          1,      191, -1
       0,       3,          3,           1,          1,      159, -1
       0,       3,          4,           1,          1,      247, -1
       0,       3,          5,           1,          1,      215, -1
       0,       3,          6,           1,          1,      183, -1
       0,       3,          7,           1,          1,      151, -1
       0,       3,          8,           1,          1,      239, -1
       0,       3,          9,           1,          1,      207, -1
       0,       3,         10,           1,          1,      175, -1
       0,       3,         11,           1,          1,      143, -1
       0,       3,         12,           1,          1,      231, -1
       0,       3,         13,           1,          1,      199, -1
       0,       3,         14,           1,          1,      167, -1
       0,       3,         15,           1,          1,      135, -1
       0,       3,         16,           1,          1,      254, -1
       0,       3,         17,           1,          1,      222, -1
       0,       3,         18,           1,          1,      190, -1
       0,       3,         19,           1,          1,      158, -1
       0,       3,         20,           1,          1,      246, -1
       0,       3,         21,           1,          1,      214, -1
       0,       3,         22,           1,          1,      182, -1
       0,       3,         23,           1,          1,      150, -1
       0,       3,         24,           1,          1,      238, -1
       0,       3,         25,           1,          1,      206, -1
       0,       3,         26,           1,          1,      174, -1
       0,       3,         27,           1,          1,      142, -1
       0,       3,         28,           1,          1,      230, -1
       0,       3,         29,           1,          1,      198, -1
       0,       3,         30,           1,          1,      166, -1
       0,       3,         31,           1,          1,      134, -1
       0,       3,         32,           1,          1,      253, -1
       0,       3,         33,           1,          1,      221, -1
       0,       3,         34,           1,          1,      189, -1
       0,       3,         35,           1,          1,      157, -1
       0,       3,         36,           1,          1,      245, -1
       0,       3,         37,           1,          1,      213, -1
       0,       3,         38,           1,          1,      181, -1
       0,       3,         39,           1,          1,      149, -1
       0,       3,         40,           1,          1,      237, -1
       0,       3,         41,           1,          1,      205, -1
       0,       3,         42,           1,          1,      173, -1
       0,       3,         43,           1,          1,      141, -1
       0,       3,         44,           1,          1,      229, -1
       0,       3,         45,           1,          1,      197, -1
       0,       3,         46,           1,          1,      165, -1
       0,       3,         47,           1,          1,      133, -1
       0,       3,         48,           1,          1,      252, -1
       0,       3,         49,           1,          1,      220, -1
       0,       3,         50,           1,          1,      188, -1
       0,       3,         51,           1,          1,      156, -1
       0,       3,         52,           1,          1,      244, -1
       0,       3,         53,           1,          1,      212, -1
       0,       3,         54,           1,          1,      180, -1
       0,       3,         55,           1,          1,      148, -1
       0,       3,         56,           1,          1,      236, -1
       0,       3,         57,           1,          1,      204, -1
       0,       3,         58,           1,          1,      172, -1
       0,       3,         59,           1,          1,      140, -1
       0,       3,         60,           1,          1,      228, -1
       0,       3,         61,           1,          1,      196, -1
       0,       3,         62,           1,          1,      164, -1
       0,       3,         63,           1,          1,      132, -1
       0,       3,         64,           1,          1,      251, -1
       0,       3,         65,           1,          1,      219, -1
       0,       3,         66,           1,          1,      187, -1
       0,       3,         67,           1,          1,      155, -1
       0,       3,         68,           1,          1,      243, -1
       0,       3,         69,           1,          1,      211, -1
       0,       3,         70,           1,          1,      179, -1
       0,       3,         71,           1,          1,      147, -1
       0,       3,         72,           1,          1,      235, -1
       0,       3,         73,           1,          1,      203, -1
       0,       3,         74,           1,          1,      171, -1
       0,       3,         75,           1,          1,      139, -1
       0,       3,         76,           1,          1,      227, -1
       0,       3,         77,           1,          1,      195, -1
       0,       3,         78,           1,          1,      163, -1
       0,       3,         79,           1,          1,      131, -1
       0,       3,         80,           1,          1,      250, -1
       0,       3,         81,           1,          1,      218, -1
       0,       3,         82,           1,          1,      186, -1
       0,       3,         83,           1,          1,      154, -1
       0,       3,         84,           1,          1,      242, -1
       0,       3,         85,           1,          1,      210, -1
       0,       3,         86,           1,          1,      178, -1
       0,       3,         87,           1,          1,      146, -1
       0,       3,         88,           1,          1,      234, -1
       0,       3,         89,           1,          1,      202, -1
       0,       3,         90,           1,          1,      170, -1
       0,       3,         91,           1,          1,      138, -1
       0,       3,         92,           1,          1,      226, -1
       0,       3,         93,           1,          1,      194, -1
       0,       3,         94,           1,          1,      162, -1
       0,       3,         95,           1,          1,      130, -1
       0,       3,         96,           1,          1,      249, -1
       0,       3,         97,           1,          1,      217, -1
       0,       3,         98,           1,          1,      185, -1
       0,       3,         99,           1,          1,      153, -1
       0,       3,        100,           1,          1,      241, -1
       0,       3,        101,           1,          1,      209, -1
       0,       3,        102,           1,          1,      177, -1
       0,       3,        103,           1,          1,      145, -1
       0,       3,        104,           1,          1,      233, -1
       0,       3,        105,           1,          1,      201, -1
       0,       3,        106,           1,          1,      169, -1
       0,       3,        107,           1,          1,      137, -1
       0,       3,        108,           1,          1,      225, -1
       0,       3,        109,           1,          1,      193, -1
       0,       3,        110,           1,          1,      161, -1
       0,       3,        111,           1,          1,      129, -1
       0,       3,        112,           1,          1,      248, -1
       0,       3,        113,           1,          1,      216, -1
       0,       3,        114,           1,          1,      184, -1
       0,       3,        115,           1,          1,      152, -1
       0,       3,        116,           1,          1,      240, -1
       0,       3,        117,           1,          1,      208, -1
       0,       3,        118,           1,          1,      176, -1
       0,       3,        119,           1,          1,      144, -1
       0,       3,        120,           1,          1,      232, -1
       0,       3,        121,           1,          1,      200, -1
       0,       3,        122,           1,          1,      168, -1
       0,       3,        123,           1,          1,      136, -1
       0,       3,        124,           1,          1,      224, -1
       0,       3,        125,           1,          1,      192, -1
       0,       3,        126,           1,          1,      160, -1
       0,       3,        127,           1,          1,      128, -1
       2,       0,          0,           2,          0,      127, -1
       2,       0,          1,           2,          0,       95, -1
       2,       0,          2,           2,          0,       63, -1
       2,       0,          3,           2,          0,       31, -1
       2,       0,          4,           2,          0,      119, -1
       2,       0,          5,           2,          0,       87, -1
       2,       0,          6,           2,          0,       55, -1
       2,       0,          7,           2,          0,       23, -1
       2,       0,          8,           2,          0,      111, -1
       2,       0,          9,           2,          0,       79, -1
       2,       0,         10,           2,          0,       47, -1
       2,       0,         11,           2,          0,       15, -1
       2,       0,         12,           2,          0,      103, -1
       2,       0,         13,           2,          0,       71, -1
       2,       0,         14,           2,          0,       39, -1
       2,       0,         15,           2,          0,        7, -1
       2,       0,         16,           2,          0,      126, -1
       2,       0,         17,           2,          0,       94, -1
       2,       0,         18,           2,          0,       62, -1
       2,       0,         19,           2,          0,       30, -1
       2,       0,         20,           2,          0,      118, -1
       2,       0,         21,           2,          0,       86, -1
       2,       0,         22,           2,          0,       54, -1
       2,       0,         23,           2,          0,       22, -1
       2,       0,         24,           2,          0,      110, -1
       2,       0,         25,           2,          0,       78, -1
       2,       0,         26,           2,          0,       46, -1
       2,       0,         27,           2,          0,       14, -1
       2,       0,         28,           2,          0,      102, -1
       2,       0,         29,           2,          0,       70, -1
       2,       0,         30,           2,          0,       38, -1
       2,       0,         31,           2,          0,        6, -1
       2,       0,         32,           2,          0,      125, -1
       2,       0,         33,           2,          0,       93, -1
       2,       0,         34,           2,          0,       61, -1
       2,       0,         35,           2,          0,       29, -1
       2,       0,         36,           2,          0,      117, -1
       2,       0,         37,           2,          0,       85, -1
       2,       0,         38,           2,          0,       53, -1
       2,       0,         39,           2,          0,       21, -1
       2,       0,         40,           2,          0,      109, -1
       2,       0,         41,           2,          0,       77, -1
       2,       0,         42,           2,          0,       45, -1
       2,       0,         43,           2,          0,       13, -1
       2,       0,         44,           2,          0,      101, -1
       2,       0,         45,           2,          0,       69, -1
       2,       0,         46,           2,          0,       37, -1
       2,       0,         47,           2,          0,        5, -1
       2,       0,         48,           2,          0,      124, -1
       2,       0,         49,           2,          0,       92, -1
       2,       0,         50,           2,          0,       60, -1
       2,       0,         51,           2,          0,       28, -1
       2,       0,         52,           2,          0,      116, -1
       2,       0,         53,           2,          0,       84, -1
       2,       0,         54,           2,          0,       52, -1
       2,       0,         55,           2,          0,       20, -1
       2,       0,         56,           2,          0,      108, -1
       2,       0,         57,           2,          0,       76, -1
       2,       0,         58,           2,          0,       44, -1
       2,       0,         59,           2,          0,       12, -1
       2,       0,         60,           2,          0,      100, -1
       2,       0,         61,           2,          0,       68, -1
       2,       0,         62,           2,          0,       36, -1
       2,       0,         63,           2,          0,        4, -1
       2,       0,         64,           2,          0,      123, -1
       2,       0,         65,           2,          0,       91, -1
       2,       0,         66,           2,          0,       59, -1
       2,       0,         67,           2,          0,       27, -1
       2,       0,         68,           2,          0,      115, -1
       2,       0,         69,           2,          0,       83, -1
       2,       0,         70,           2,          0,       51, -1
       2,       0,         71,           2,          0,       19, -1
       2,       0,         72,           2,          0,      107, -1
       2,       0,         73,           2,          0,       75, -1
       2,       0,         74,           2,          0,       43, -1
       2,       0,         75,           2,          0,       11, -1
       2,       0,         76,           2,          0,       99, -1
       2,       0,         77,           2,          0,       67, -1
       2,       0,         78,           2,          0,       35, -1
       2,       0,         79,           2,          0,        3, -1
       2,       0,         80,           2,          0,      122, -1
       2,       0,         81,           2,          0,       90, -1
       2,       0,         82,           2,          0,       58, -1
       2,       0,         83,           2,          0,       26, -1
       2,       0,         84,           2,          0,      114, -1
       2,       0,         85,           2,          0,       82, -1
       2,       0,         86,           2,          0,       50, -1
       2,       0,         87,           2,          0,       18, -1
       2,       0,         88,           2,          0,      106, -1
       2,       0,         89,           2,          0,       74, -1
       2,       0,         90,           2,          0,       42, -1
       2,       0,         91,           2,          0,       10, -1
       2,       0,         92,           2,          0,       98, -1
       2,       0,         93,           2,          0,       66, -1
       2,       0,         94,           2,          0,       34, -1
       2,       0,         95,           2,          0,        2, -1
       2,       0,         96,           2,          0,      121, -1
       2,       0,         97,           2,          0,       89, -1
       2,       0,         98,           2,          0,       57, -1
       2,       0,         99,           2,          0,       25, -1
       2,       0,        100,           2,          0,      113, -1
       2,       0,        101,           2,          0,       81, -1
       2,       0,        102,           2,          0,       49, -1
       2,       0,        103,           2,          0,       17, -1
       2,       0,        104,           2,          0,      105, -1
       2,       0,        105,           2,          0,       73, -1
       2,       0,        106,           2,          0,       41, -1
       2,       0,        107,           2,          0,        9, -1
       2,       0,        108,           2,          0,       97, -1
       2,       0,        109,           2,          0,       65, -1
       2,       0,        110,           2,          0,       33, -1
       2,       0,        111,           2,          0,        1, -1
       2,       0,        112,           2,          0,      120, -1
       2,       0,        113,           2,          0,       88, -1
       2,       0,        114,           2,          0,       56, -1
       2,       0,        115,           2,          0,       24, -1
       2,       0,        116,           2,          0,      112, -1
       2,       0,        117,           2,          0,       80, -1
       2,       0,        118,           2,          0,       48, -1
       2,       0,        119,           2,          0,       16, -1
       2,       0,        120,           2,          0,      104, -1
       2,       0,        121,           2,          0,       72, -1
       2,       0,        122,           2,          0,       40, -1
       2,       0,        123,           2,          0,        8, -1
       2,       0,        124,           2,          0,       96, -1
       2,       0,        125,           2,          0,       64, -1
       2,       0,        126,           2,          0,       32, -1
       2,       0,        127,           2,          0,        0, -1
       2,       1,          0,           2,          0,      255, -1
       2,       1,          1,           2,          0,      223, -1
       2,       1,          2,           2,          0,      191, -1
       2,       1,          3,           2,          0,      159, -1
       2,       1,          4,           2,          0,      247, -1
       2,       1,          5,           2,          0,      215, -1
       2,       1,          6,           2,          0,      183, -1
       2,       1,          7,           2,          0,      151, -1
       2,       1,          8,           2,          0,      239, -1
       2,       1,          9,           2,          0,      207, -1
       2,       1,         10,           2,          0,      175, -1
       2,       1,         11,           2,          0,      143, -1
       2,       1,         12,           2,          0,      231, -1
       2,       1,         13,           2,          0,      199, -1
       2,       1,         14,           2,          0,      167, -1
       2,       1,         15,           2,          0,      135, -1
       2,       1,         16,           2,          0,      254, -1
       2,       1,         17,           2,          0,      222, -1
       2,       1,         18,           2,          0,      190, -1
       2,       1,         19,           2,          0,      158, -1
       2,       1,         20,           2,          0,      246, -1
       2,       1,         21,           2,          0,      214, -1
       2,       1,         22,           2,          0,      182, -1
       2,       1,         23,           2,          0,      150, -1
       2,       1,         24,           2,          0,      238, -1
       2,       1,         25,           2,          0,      206, -1
       2,       1,         26,           2,          0,      174, -1
       2,       1,         27,           2,          0,      142, -1
       2,       1,         28,           2,          0,      230, -1
       2,       1,         29,           2,          0,      198, -1
       2,       1,         30,           2,          0,      166, -1
       2,       1,         31,           2,          0,      134, -1
       2,       1,         32,           2,          0,      253, -1
       2,       1,         33,           2,          0,      221, -1
       2,       1,         34,           2,          0,      189, -1
       2,       1,         35,           2,          0,      157, -1
       2,       1,         36,           2,          0,      245, -1
       2,       1,         37,           2,          0,      213, -1
       2,       1,         38,           2,          0,      181, -1
       2,       1,         39,           2,          0,      149, -1
       2,       1,         40,           2,          0,      237, -1
       2,       1,         41,           2,          0,      205, -1
       2,       1,         42,           2,          0,      173, -1
       2,       1,         43,           2,          0,      141, -1
       2,       1,         44,           2,          0,      229, -1
       2,       1,         45,           2,          0,      197, -1
       2,       1,         46,           2,          0,      165, -1
       2,       1,         47,           2,          0,      133, -1
       2,       1,         48,           2,          0,      252, -1
       2,       1,         49,           2,          0,      220, -1
       2,       1,         50,           2,          0,      188, -1
       2,       1,         51,           2,          0,      156, -1
       2,       1,         52,           2,          0,      244, -1
       2,       1,         53,           2,          0,      212, -1
       2,       1,         54,           2,          0,      180, -1
       2,       1,         55,           2,          0,      148, -1
       2,       1,         56,           2,          0,      236, -1
       2,       1,         57,           2,          0,      204, -1
       2,       1,         58,           2,          0,      172, -1
       2,       1,         59,           2,          0,      140, -1
       2,       1,         60,           2,          0,      228, -1
       2,       1,         61,           2,          0,      196, -1
       2,       1,         62,           2,          0,      164, -1
       2,       1,         63,           2,          0,      132, -1
       2,       1,         64,           2,          0,      251, -1
       2,       1,         65,           2,          0,      219, -1
       2,       1,         66,           2,          0,      187, -1
       2,       1,         67,           2,          0,      155, -1
       2,       1,         68,           2,          0,      243, -1
       2,       1,         69,           2,          0,      211, -1
       2,       1,         70,           2,          0,      179, -1
       2,       1,         71,           2,          0,      147, -1
       2,       1,         72,           2,          0,      235, -1
       2,       1,         73,           2,          0,      203, -1
       2,       1,         74,           2,          0,      171, -1
       2,       1,         75,           2,          0,      139, -1
       2,       1,         76,           2,          0,      227, -1
       2,       1,         77,           2,          0,      195, -1
       2,       1,         78,           2,          0,      163, -1
       2,       1,         79,           2,          0,      131, -1
       2,       1,         80,           2,          0,      250, -1
       2,       1,         81,           2,          0,      218, -1
       2,       1,         82,           2,          0,      186, -1
       2,       1,         83,           2,          0,      154, -1
       2,       1,         84,           2,          0,      242, -1
       2,       1,         85,           2,          0,      210, -1
       2,       1,         86,           2,          0,      178, -1
       2,       1,         87,           2,          0,      146, -1
       2,       1,         88,           2,          0,      234, -1
       2,       1,         89,           2,          0,      202, -1
       2,       1,         90,           2,          0,      170, -1
       2,       1,         91,           2,          0,      138, -1
       2,       1,         92,           2,          0,      226, -1
       2,       1,         93,           2,          0,      194, -1
       2,       1,         94,           2,          0,      162, -1
       2,       1,         95,           2,          0,      130, -1
       2,       1,         96,           2,          0,      249, -1
       2,       1,         97,           2,          0,      217, -1
       2,       1,         98,           2,          0,      185, -1
       2,       1,         99,           2,          0,      153, -1
       2,       1,        100,           2,          0,      241, -1
       2,       1,        101,           2,          0,      209, -1
       2,       1,        102,           2,          0,      177, -1
       2,       1,        103,           2,          0,      145, -1
       2,       1,        104,           2,          0,      233, -1
       2,       1,        105,           2,          0,      201, -1
       2,       1,        106,           2,          0,      169, -1
       2,       1,        107,           2,          0,      137, -1
       2,       1,        108,           2,          0,      225, -1
       2,       1,        109,           2,          0,      193, -1
       2,       1,        110,           2,          0,      161, -1
       2,       1,        111,           2,          0,      129, -1
       2,       1,        112,           2,          0,      248, -1
       2,       1,        113,           2,          0,      216, -1
       2,       1,        114,           2,          0,      184, -1
       2,       1,        115,           2,          0,      152, -1
       2,       1,        116,           2,          0,      240, -1
       2,       1,        117,           2,          0,      208, -1
       2,       1,        118,           2,          0,      176, -1
       2,       1,        119,           2,          0,      144, -1
       2,       1,        120,           2,          0,      232, -1
       2,       1,        121,           2,          0,      200, -1
       2,       1,        122,           2,          0,      168, -1
       2,       1,        123,           2,          0,      136, -1
       2,       1,        124,           2,          0,      224, -1
       2,       1,        125,           2,          0,      192, -1
       2,       1,        126,           2,          0,      160, -1
       2,       1,        127,           2,          0,      128, -1
       2,       2,          0,           2,          1,      127, -1
       2,       2,          1,           2,          1,       95, -1
       2,       2,          2,           2,          1,       63, -1
       2,       2,          3,           2,          1,       31, -1
       2,       2,          4,           2,          1,      119, -1
       2,       2,          5,           2,          1,       87, -1
       2,       2,          6,           2,          1,       55, -1
       2,       2,          7,           2,          1,       23, -1
       2,       2,          8,           2,          1,      111, -1
       2,       2,          9,           2,          1,       79, -1
       2,       2,         10,           2,          1,       47, -1
       2,       2,         11,           2,          1,       15, -1
       2,       2,         12,           2,          1,      103, -1
       2,       2,         13,           2,          1,       71, -1
       2,       2,         14,           2,          1,       39, -1
       2,       2,         15,           2,          1,        7, -1
       2,       2,         16,           2,          1,      126, -1
       2,       2,         17,           2,          1,       94, -1
       2,       2,         18,           2,          1,       62, -1
       2,       2,         19,           2,          1,       30, -1
       2,       2,         20,           2,          1,      118, -1
       2,       2,         21,           2,          1,       86, -1
       2,       2,         22,           2,          1,       54, -1
       2,       2,         23,           2,          1,       22, -1
       2,       2,         24,           2,          1,      110, -1
       2,       2,         25,           2,          1,       78, -1
       2,       2,         26,           2,          1,       46, -1
       2,       2,         27,           2,          1,       14, -1
       2,       2,         28,           2,          1,      102, -1
       2,       2,         29,           2,          1,       70, -1
       2,       2,         30,           2,          1,       38, -1
       2,       2,         31,           2,          1,        6, -1
       2,       2,         32,           2,          1,      125, -1
       2,       2,         33,           2,          1,       93, -1
       2,       2,         34,           2,          1,       61, -1
       2,       2,         35,           2,          1,       29, -1
       2,       2,         36,           2,          1,      117, -1
       2,       2,         37,           2,          1,       85, -1
       2,       2,         38,           2,          1,       53, -1
       2,       2,         39,           2,          1,       21, -1
       2,       2,         40,           2,          1,      109, -1
       2,       2,         41,           2,          1,       77, -1
       2,       2,         42,           2,          1,       45, -1
       2,       2,         43,           2,          1,       13, -1
       2,       2,         44,           2,          1,      101, -1
       2,       2,         45,           2,          1,       69, -1
       2,       2,         46,           2,          1,       37, -1
       2,       2,         47,           2,          1,        5, -1
       2,       2,         48,           2,          1,      124, -1
       2,       2,         49,           2,          1,       92, -1
       2,       2,         50,           2,          1,       60, -1
       2,       2,         51,           2,          1,       28, -1
       2,       2,         52,           2,          1,      116, -1
       2,       2,         53,           2,          1,       84, -1
       2,       2,         54,           2,          1,       52, -1
       2,       2,         55,           2,          1,       20, -1
       2,       2,         56,           2,          1,      108, -1
       2,       2,         57,           2,          1,       76, -1
       2,       2,         58,           2,          1,       44, -1
       2,       2,         59,           2,          1,       12, -1
       2,       2,         60,           2,          1,      100, -1
       2,       2,         61,           2,          1,       68, -1
       2,       2,         62,           2,          1,       36, -1
       2,       2,         63,           2,          1,        4, -1
       2,       2,         64,           2,          1,      123, -1
       2,       2,         65,           2,          1,       91, -1
       2,       2,         66,           2,          1,       59, -1
       2,       2,         67,           2,          1,       27, -1
       2,       2,         68,           2,          1,      115, -1
       2,       2,         69,           2,          1,       83, -1
       2,       2,         70,           2,          1,       51, -1
       2,       2,         71,           2,          1,       19, -1
       2,       2,         72,           2,          1,      107, -1
       2,       2,         73,           2,          1,       75, -1
       2,       2,         74,           2,          1,       43, -1
       2,       2,         75,           2,          1,       11, -1
       2,       2,         76,           2,          1,       99, -1
       2,       2,         77,           2,          1,       67, -1
       2,       2,         78,           2,          1,       35, -1
       2,       2,         79,           2,          1,        3, -1
       2,       2,         80,           2,          1,      122, -1
       2,       2,         81,           2,          1,       90, -1
       2,       2,         82,           2,          1,       58, -1
       2,       2,         83,           2,          1,       26, -1
       2,       2,         84,           2,          1,      114, -1
       2,       2,         85,           2,          1,       82, -1
       2,       2,         86,           2,          1,       50, -1
       2,       2,         87,           2,          1,       18, -1
       2,       2,         88,           2,          1,      106, -1
       2,       2,         89,           2,          1,       74, -1
       2,       2,         90,           2,          1,       42, -1
       2,       2,         91,           2,          1,       10, -1
       2,       2,         92,           2,          1,       98, -1
       2,       2,         93,           2,          1,       66, -1
       2,       2,         94,           2,          1,       34, -1
       2,       2,         95,           2,          1,        2, -1
       2,       2,         96,           2,          1,      121, -1
       2,       2,         97,           2,          1,       89, -1
       2,       2,         98,           2,          1,       57, -1
       2,       2,         99,           2,          1,       25, -1
       2,       2,        100,           2,          1,      113, -1
       2,       2,        101,           2,          1,       81, -1
       2,       2,        102,           2,          1,       49, -1
       2,       2,        103,           2,          1,       17, -1
       2,       2,        104,           2,          1,      105, -1
       2,       2,        105,           2,          1,       73, -1
       2,       2,        106,           2,          1,       41, -1
       2,       2,        107,           2,          1,        9, -1
       2,       2,        108,           2,          1,       97, -1
       2,       2,        109,           2,          1,       65, -1
       2,       2,        110,           2,          1,       33, -1
       2,       2,        111,           2,          1,        1, -1
       2,       2,        112,           2,          1,      120, -1
       2,       2,        113,           2,          1,       88, -1
       2,       2,        114,           2,          1,       56, -1
       2,       2,        115,           2,          1,       24, -1
       2,       2,        116,           2,          1,      112, -1
       2,       2,        117,           2,          1,       80, -1
       2,       2,        118,           2,          1,       48, -1
       2,       2,        119,           2,          1,       16, -1
       2,       2,        120,           2,          1,      104, -1
       2,       2,        121,           2,          1,       72, -1
       2,       2,        122,           2,          1,       40, -1
       2,       2,        123,           2,          1,        8, -1
       2,       2,        124,           2,          1,       96, -1
       2,       2,        125,           2,          1,       64, -1
       2,       2,        126,           2,          1,       32, -1
       2,       2,        127,           2,          1,        0, -1
       2,       3,          0,           2,          1,      255, -1
       2,       3,          1,           2,          1,      223, -1
       2,       3,          2,           2,          1,      191, -1
       2,       3,          3,           2,          1,      159, -1
       2,       3,          4,           2,          1,      247, -1
       2,       3,          5,           2,          1,      215, -1
       2,       3,          6,           2,          1,      183, -1
       2,       3,          7,           2,          1,      151, -1
       2,       3,          8,           2,          1,      239, -1
       2,       3,          9,           2,          1,      207, -1
       2,       3,         10,           2,          1,      175, -1
       2,       3,         11,           2,          1,      143, -1
       2,       3,         12,           2,          1,      231, -1
       2,       3,         13,           2,          1,      199, -1
       2,       3,         14,           2,          1,      167, -1
       2,       3,         15,           2,          1,      135, -1
       2,       3,         16,           2,          1,      254, -1
       2,       3,         17,           2,          1,      222, -1
       2,       3,         18,           2,          1,      190, -1
       2,       3,         19,           2,          1,      158, -1
       2,       3,         20,           2,          1,      246, -1
       2,       3,         21,           2,          1,      214, -1
       2,       3,         22,           2,          1,      182, -1
       2,       3,         23,           2,          1,      150, -1
       2,       3,         24,           2,          1,      238, -1
       2,       3,         25,           2,          1,      206, -1
       2,       3,         26,           2,          1,      174, -1
       2,       3,         27,           2,          1,      142, -1
       2,       3,         28,           2,          1,      230, -1
       2,       3,         29,           2,          1,      198, -1
       2,       3,         30,           2,          1,      166, -1
       2,       3,         31,           2,          1,      134, -1
       2,       3,         32,           2,          1,      253, -1
       2,       3,         33,           2,          1,      221, -1
       2,       3,         34,           2,          1,      189, -1
       2,       3,         35,           2,          1,      157, -1
       2,       3,         36,           2,          1,      245, -1
       2,       3,         37,           2,          1,      213, -1
       2,       3,         38,           2,          1,      181, -1
       2,       3,         39,           2,          1,      149, -1
       2,       3,         40,           2,          1,      237, -1
       2,       3,         41,           2,          1,      205, -1
       2,       3,         42,           2,          1,      173, -1
       2,       3,         43,           2,          1,      141, -1
       2,       3,         44,           2,          1,      229, -1
       2,       3,         45,           2,          1,      197, -1
       2,       3,         46,           2,          1,      165, -1
       2,       3,         47,           2,          1,      133, -1
       2,       3,         48,           2,          1,      252, -1
       2,       3,         49,           2,          1,      220, -1
       2,       3,         50,           2,          1,      188, -1
       2,       3,         51,           2,          1,      156, -1
       2,       3,         52,           2,          1,      244, -1
       2,       3,         53,           2,          1,      212, -1
       2,       3,         54,           2,          1,      180, -1
       2,       3,         55,           2,          1,      148, -1
       2,       3,         56,           2,          1,      236, -1
       2,       3,         57,           2,          1,      204, -1
       2,       3,         58,           2,          1,      172, -1
       2,       3,         59,           2,          1,      140, -1
       2,       3,         60,           2,          1,      228, -1
       2,       3,         61,           2,          1,      196, -1
       2,       3,         62,           2,          1,      164, -1
       2,       3,         63,           2,          1,      132, -1
       2,       3,         64,           2,          1,      251, -1
       2,       3,         65,           2,          1,      219, -1
       2,       3,         66,           2,          1,      187, -1
       2,       3,         67,           2,          1,      155, -1
       2,       3,         68,           2,          1,      243, -1
       2,       3,         69,           2,          1,      211, -1
       2,       3,         70,           2,          1,      179, -1
       2,       3,         71,           2,          1,      147, -1
       2,       3,         72,           2,          1,      235, -1
       2,       3,         73,           2,          1,      203, -1
       2,       3,         74,           2,          1,      171, -1
       2,       3,         75,           2,          1,      139, -1
       2,       3,         76,           2,          1,      227, -1
       2,       3,         77,           2,          1,      195, -1
       2,       3,         78,           2,          1,      163, -1
       2,       3,         79,           2,          1,      131, -1
       2,       3,         80,           2,          1,      250, -1
       2,       3,         81,           2,          1,      218, -1
       2,       3,         82,           2,          1,      186, -1
       2,       3,         83,           2,          1,      154, -1
       2,       3,         84,           2,          1,      242, -1
       2,       3,         85,           2,          1,      210, -1
       2,       3,         86,           2,          1,      178, -1
       2,       3,         87,           2,          1,      146, -1
       2,       3,         88,           2,          1,      234, -1
       2,       3,         89,           2,          1,      202, -1
       2,       3,         90,           2,          1,      170, -1
       2,       3,         91,           2,          1,      138, -1
       2,       3,         92,           2,          1,      226, -1
       2,       3,         93,           2,          1,      194, -1
       2,       3,         94,           2,          1,      162, -1
       2,       3,         95,           2,          1,      130, -1
       2,       3,         96,           2,          1,      249, -1
       2,       3,         97,           2,          1,      217, -1
       2,       3,         98,           2,          1,      185, -1
       2,       3,         99,           2,          1,      153, -1
       2,       3,        100,           2,          1,      241, -1
       2,       3,        101,           2,          1,      209, -1
       2,       3,        102,           2,          1,      177, -1
       2,       3,        103,           2,          1,      145, -1
       2,       3,        104,           2,          1,      233, -1
       2,       3,        105,           2,          1,      201, -1
       2,       3,        106,           2,          1,      169, -1
       2,       3,        107,           2,          1,      137, -1
       2,       3,        108,           2,          1,      225, -1
       2,       3,        109,           2,          1,      193, -1
       2,       3,        110,           2,          1,      161, -1
       2,       3,        111,           2,          1,      129, -1
       2,       3,        112,           2,          1,      248, -1
       2,       3,        113,           2,          1,      216, -1
       2,       3,        114,           2,          1,      184, -1
       2,       3,        115,           2,          1,      152, -1
       2,       3,        116,           2,          1,      240, -1
       2,       3,        117,           2,          1,      208, -1
       2,       3,        118,           2,          1,      176, -1
       2,       3,        119,           2,          1,      144, -1
       2,       3,        120,           2,          1,      232, -1
       2,       3,        121,           2,          1,      200, -1
       2,       3,        122,           2,          1,      168, -1
       2,       3,        123,           2,          1,      136, -1
       2,       3,        124,           2,          1,      224, -1
       2,       3,        125,           2,          1,      192, -1
       2,       3,        126,           2,          1,      160, -1
       2,       3,        127,           2,          1,      128, -1
       3,       0,          0,           3,          0,      127, -1
       3,       0,          1,           3,          0,       95, -1
       3,       0,          2,           3,          0,       63, -1
       3,       0,          3,           3,          0,       31, -1
       3,       0,          4,           3,          0,      119, -1
       3,       0,          5,           3,          0,       87, -1
       3,       0,          6,           3,          0,       55, -1
       3,       0,          7,           3,          0,       23, -1
       3,       0,          8,           3,          0,      111, -1
       3,       0,          9,           3,          0,       79, -1
       3,       0,         10,           3,          0,       47, -1
       3,       0,         11,           3,          0,       15, -1
       3,       0,         12,           3,          0,      103, -1
       3,       0,         13,           3,          0,       71, -1
       3,       0,         14,           3,          0,       39, -1
       3,       0,         15,           3,          0,        7, -1
       3,       0,         16,           3,          0,      126, -1
       3,       0,         17,           3,          0,       94, -1
       3,       0,         18,           3,          0,       62, -1
       3,       0,         19,           3,          0,       30, -1
       3,       0,         20,           3,          0,      118, -1
       3,       0,         21,           3,          0,       86, -1
       3,       0,         22,           3,          0,       54, -1
       3,       0,         23,           3,          0,       22, -1
       3,       0,         24,           3,          0,      110, -1
       3,       0,         25,           3,          0,       78, -1
       3,       0,         26,           3,          0,       46, -1
       3,       0,         27,           3,          0,       14, -1
       3,       0,         28,           3,          0,      102, -1
       3,       0,         29,           3,          0,       70, -1
       3,       0,         30,           3,          0,       38, -1
       3,       0,         31,           3,          0,        6, -1
       3,       0,         32,           3,          0,      125, -1
       3,       0,         33,           3,          0,       93, -1
       3,       0,         34,           3,          0,       61, -1
       3,       0,         35,           3,          0,       29, -1
       3,       0,         36,           3,          0,      117, -1
       3,       0,         37,           3,          0,       85, -1
       3,       0,         38,           3,          0,       53, -1
       3,       0,         39,           3,          0,       21, -1
       3,       0,         40,           3,          0,      109, -1
       3,       0,         41,           3,          0,       77, -1
       3,       0,         42,           3,          0,       45, -1
       3,       0,         43,           3,          0,       13, -1
       3,       0,         44,           3,          0,      101, -1
       3,       0,         45,           3,          0,       69, -1
       3,       0,         46,           3,          0,       37, -1
       3,       0,         47,           3,          0,        5, -1
       3,       0,         48,           3,          0,      124, -1
       3,       0,         49,           3,          0,       92, -1
       3,       0,         50,           3,          0,       60, -1
       3,       0,         51,           3,          0,       28, -1
       3,       0,         52,           3,          0,      116, -1
       3,       0,         53,           3,          0,       84, -1
       3,       0,         54,           3,          0,       52, -1
       3,       0,         55,           3,          0,       20, -1
       3,       0,         56,           3,          0,      108, -1
       3,       0,         57,           3,          0,       76, -1
       3,       0,         58,           3,          0,       44, -1
       3,       0,         59,           3,          0,       12, -1
       3,       0,         60,           3,          0,      100, -1
       3,       0,         61,           3,          0,       68, -1
       3,       0,         62,           3,          0,       36, -1
       3,       0,         63,           3,          0,        4, -1
       3,       0,         64,           3,          0,      123, -1
       3,       0,         65,           3,          0,       91, -1
       3,       0,         66,           3,          0,       59, -1
       3,       0,         67,           3,          0,       27, -1
       3,       0,         68,           3,          0,      115, -1
       3,       0,         69,           3,          0,       83, -1
       3,       0,         70,           3,          0,       51, -1
       3,       0,         71,           3,          0,       19, -1
       3,       0,         72,           3,          0,      107, -1
       3,       0,         73,           3,          0,       75, -1
       3,       0,         74,           3,          0,       43, -1
       3,       0,         75,           3,          0,       11, -1
       3,       0,         76,           3,          0,       99, -1
       3,       0,         77,           3,          0,       67, -1
       3,       0,         78,           3,          0,       35, -1
       3,       0,         79,           3,          0,        3, -1
       3,       0,         80,           3,          0,      122, -1
       3,       0,         81,           3,          0,       90, -1
       3,       0,         82,           3,          0,       58, -1
       3,       0,         83,           3,          0,       26, -1
       3,       0,         84,           3,          0,      114, -1
       3,       0,         85,           3,          0,       82, -1
       3,       0,         86,           3,          0,       50, -1
       3,       0,         87,           3,          0,       18, -1
       3,       0,         88,           3,          0,      106, -1
       3,       0,         89,           3,          0,       74, -1
       3,       0,         90,           3,          0,       42, -1
       3,       0,         91,           3,          0,       10, -1
       3,       0,         92,           3,          0,       98, -1
       3,       0,         93,           3,          0,       66, -1
       3,       0,         94,           3,          0,       34, -1
       3,       0,         95,           3,          0,        2, -1
       3,       0,         96,           3,          0,      121, -1
       3,       0,         97,           3,          0,       89, -1
       3,       0,         98,           3,          0,       57, -1
       3,       0,         99,           3,          0,       25, -1
       3,       0,        100,           3,          0,      113, -1
       3,       0,        101,           3,          0,       81, -1
       3,       0,        102,           3,          0,       49, -1
       3,       0,        103,           3,          0,       17, -1
       3,       0,        104,           3,          0,      105, -1
       3,       0,        105,           3,          0,       73, -1
       3,       0,        106,           3,          0,       41, -1
       3,       0,        107,           3,          0,        9, -1
       3,       0,        108,           3,          0,       97, -1
       3,       0,        109,           3,          0,       65, -1
       3,       0,        110,           3,          0,       33, -1
       3,       0,        111,           3,          0,        1, -1
       3,       0,        112,           3,          0,      120, -1
       3,       0,        113,           3,          0,       88, -1
       3,       0,        114,           3,          0,       56, -1
       3,       0,        115,           3,          0,       24, -1
       3,       0,        116,           3,          0,      112, -1
       3,       0,        117,           3,          0,       80, -1
       3,       0,        118,           3,          0,       48, -1
       3,       0,        119,           3,          0,       16, -1
       3,       0,        120,           3,          0,      104, -1
       3,       0,        121,           3,          0,       72, -1
       3,       0,        122,           3,          0,       40, -1
       3,       0,        123,           3,          0,        8, -1
       3,       0,        124,           3,          0,       96, -1
       3,       0,        125,           3,          0,       64, -1
       3,       0,        126,           3,          0,       32, -1
       3,       0,        127,           3,          0,        0, -1
       3,       1,          0,           3,          0,      255, -1
       3,       1,          1,           3,          0,      223, -1
       3,       1,          2,           3,          0,      191, -1
       3,       1,          3,           3,          0,      159, -1
       3,       1,          4,           3,          0,      247, -1
       3,       1,          5,           3,          0,      215, -1
       3,       1,          6,           3,          0,      183, -1
       3,       1,          7,           3,          0,      151, -1
       3,       1,          8,           3,          0,      239, -1
       3,       1,          9,           3,          0,      207, -1
       3,       1,         10,           3,          0,      175, -1
       3,       1,         11,           3,          0,      143, -1
       3,       1,         12,           3,          0,      231, -1
       3,       1,         13,           3,          0,      199, -1
       3,       1,         14,           3,          0,      167, -1
       3,       1,         15,           3,          0,      135, -1
       3,       1,         16,           3,          0,      254, -1
       3,       1,         17,           3,          0,      222, -1
       3,       1,         18,           3,          0,      190, -1
       3,       1,         19,           3,          0,      158, -1
       3,       1,         20,           3,          0,      246, -1
       3,       1,         21,           3,          0,      214, -1
       3,       1,         22,           3,          0,      182, -1
       3,       1,         23,           3,          0,      150, -1
       3,       1,         24,           3,          0,      238, -1
       3,       1,         25,           3,          0,      206, -1
       3,       1,         26,           3,          0,      174, -1
       3,       1,         27,           3,          0,      142, -1
       3,       1,         28,           3,          0,      230, -1
       3,       1,         29,           3,          0,      198, -1
       3,       1,         30,           3,          0,      166, -1
       3,       1,         31,           3,          0,      134, -1
       3,       1,         32,           3,          0,      253, -1
       3,       1,         33,           3,          0,      221, -1
       3,       1,         34,           3,          0,      189, -1
       3,       1,         35,           3,          0,      157, -1
       3,       1,         36,           3,          0,      245, -1
       3,       1,         37,           3,          0,      213, -1
       3,       1,         38,           3,          0,      181, -1
       3,       1,         39,           3,          0,      149, -1
       3,       1,         40,           3,          0,      237, -1
       3,       1,         41,           3,          0,      205, -1
       3,       1,         42,           3,          0,      173, -1
       3,       1,         43,           3,          0,      141, -1
       3,       1,         44,           3,          0,      229, -1
       3,       1,         45,           3,          0,      197, -1
       3,       1,         46,           3,          0,      165, -1
       3,       1,         47,           3,          0,      133, -1
       3,       1,         48,           3,          0,      252, -1
       3,       1,         49,           3,          0,      220, -1
       3,       1,         50,           3,          0,      188, -1
       3,       1,         51,           3,          0,      156, -1
       3,       1,         52,           3,          0,      244, -1
       3,       1,         53,           3,          0,      212, -1
       3,       1,         54,           3,          0,      180, -1
       3,       1,         55,           3,          0,      148, -1
       3,       1,         56,           3,          0,      236, -1
       3,       1,         57,           3,          0,      204, -1
       3,       1,         58,           3,          0,      172, -1
       3,       1,         59,           3,          0,      140, -1
       3,       1,         60,           3,          0,      228, -1
       3,       1,         61,           3,          0,      196, -1
       3,       1,         62,           3,          0,      164, -1
       3,       1,         63,           3,          0,      132, -1
       3,       1,         64,           3,          0,      251, -1
       3,       1,         65,           3,          0,      219, -1
       3,       1,         66,           3,          0,      187, -1
       3,       1,         67,           3,          0,      155, -1
       3,       1,         68,           3,          0,      243, -1
       3,       1,         69,           3,          0,      211, -1
       3,       1,         70,           3,          0,      179, -1
       3,       1,         71,           3,          0,      147, -1
       3,       1,         72,           3,          0,      235, -1
       3,       1,         73,           3,          0,      203, -1
       3,       1,         74,           3,          0,      171, -1
       3,       1,         75,           3,          0,      139, -1
       3,       1,         76,           3,          0,      227, -1
       3,       1,         77,           3,          0,      195, -1
       3,       1,         78,           3,          0,      163, -1
       3,       1,         79,           3,          0,      131, -1
       3,       1,         80,           3,          0,      250, -1
       3,       1,         81,           3,          0,      218, -1
       3,       1,         82,           3,          0,      186, -1
       3,       1,         83,           3,          0,      154, -1
       3,       1,         84,           3,          0,      242, -1
       3,       1,         85,           3,          0,      210, -1
       3,       1,         86,           3,          0,      178, -1
       3,       1,         87,           3,          0,      146, -1
       3,       1,         88,           3,          0,      234, -1
       3,       1,         89,           3,          0,      202, -1
       3,       1,         90,           3,          0,      170, -1
       3,       1,         91,           3,          0,      138, -1
       3,       1,         92,           3,          0,      226, -1
       3,       1,         93,           3,          0,      194, -1
       3,       1,         94,           3,          0,      162, -1
       3,       1,         95,           3,          0,      130, -1
       3,       1,         96,           3,          0,      249, -1
       3,       1,         97,           3,          0,      217, -1
       3,       1,         98,           3,          0,      185, -1
       3,       1,         99,           3,          0,      153, -1
       3,       1,        100,           3,          0,      241, -1
       3,       1,        101,           3,          0,      209, -1
       3,       1,        102,           3,          0,      177, -1
       3,       1,        103,           3,          0,      145, -1
       3,       1,        104,           3,          0,      233, -1
       3,       1,        105,           3,          0,      201, -1
       3,       1,        106,           3,          0,      169, -1
       3,       1,        107,           3,          0,      137, -1
       3,       1,        108,           3,          0,      225, -1
       3,       1,        109,           3,          0,      193, -1
       3,       1,        110,           3,          0,      161, -1
       3,       1,        111,           3,          0,      129, -1
       3,       1,        112,           3,          0,      248, -1
       3,       1,        113,           3,          0,      216, -1
       3,       1,        114,           3,          0,      184, -1
       3,       1,        115,           3,          0,      152, -1
       3,       1,        116,           3,          0,      240, -1
       3,       1,        117,           3,          0,      208, -1
       3,       1,        118,           3,          0,      176, -1
       3,       1,        119,           3,          0,      144, -1
       3,       1,        120,           3,          0,      232, -1
       3,       1,        121,           3,          0,      200, -1
       3,       1,        122,           3,          0,      168, -1
       3,       1,        123,           3,          0,      136, -1
       3,       1,        124,           3,          0,      224, -1
       3,       1,        125,           3,          0,      192, -1
       3,       1,        126,           3,          0,      160, -1
       3,       1,        127,           3,          0,      128, -1
       3,       2,          0,           3,          1,      127, -1
       3,       2,          1,           3,          1,       95, -1
       3,       2,          2,           3,          1,       63, -1
       3,       2,          3,           3,          1,       31, -1
       3,       2,          4,           3,          1,      119, -1
       3,       2,          5,           3,          1,       87, -1
       3,       2,          6,           3,          1,       55, -1
       3,       2,          7,           3,          1,       23, -1
       3,       2,          8,           3,          1,      111, -1
       3,       2,          9,           3,          1,       79, -1
       3,       2,         10,           3,          1,       47, -1
       3,       2,         11,           3,          1,       15, -1
       3,       2,         12,           3,          1,      103, -1
       3,       2,         13,           3,          1,       71, -1
       3,       2,         14,           3,          1,       39, -1
       3,       2,         15,           3,          1,        7, -1
       3,       2,         16,           3,          1,      126, -1
       3,       2,         17,           3,          1,       94, -1
       3,       2,         18,           3,          1,       62, -1
       3,       2,         19,           3,          1,       30, -1
       3,       2,         20,           3,          1,      118, -1
       3,       2,         21,           3,          1,       86, -1
       3,       2,         22,           3,          1,       54, -1
       3,       2,         23,           3,          1,       22, -1
       3,       2,         24,           3,          1,      110, -1
       3,       2,         25,           3,          1,       78, -1
       3,       2,         26,           3,          1,       46, -1
       3,       2,         27,           3,          1,       14, -1
       3,       2,         28,           3,          1,      102, -1
       3,       2,         29,           3,          1,       70, -1
       3,       2,         30,           3,          1,       38, -1
       3,       2,         31,           3,          1,        6, -1
       3,       2,         32,           3,          1,      125, -1
       3,       2,         33,           3,          1,       93, -1
       3,       2,         34,           3,          1,       61, -1
       3,       2,         35,           3,          1,       29, -1
       3,       2,         36,           3,          1,      117, -1
       3,       2,         37,           3,          1,       85, -1
       3,       2,         38,           3,          1,       53, -1
       3,       2,         39,           3,          1,       21, -1
       3,       2,         40,           3,          1,      109, -1
       3,       2,         41,           3,          1,       77, -1
       3,       2,         42,           3,          1,       45, -1
       3,       2,         43,           3,          1,       13, -1
       3,       2,         44,           3,          1,      101, -1
       3,       2,         45,           3,          1,       69, -1
       3,       2,         46,           3,          1,       37, -1
       3,       2,         47,           3,          1,        5, -1
       3,       2,         48,           3,          1,      124, -1
       3,       2,         49,           3,          1,       92, -1
       3,       2,         50,           3,          1,       60, -1
       3,       2,         51,           3,          1,       28, -1
       3,       2,         52,           3,          1,      116, -1
       3,       2,         53,           3,          1,       84, -1
       3,       2,         54,           3,          1,       52, -1
       3,       2,         55,           3,          1,       20, -1
       3,       2,         56,           3,          1,      108, -1
       3,       2,         57,           3,          1,       76, -1
       3,       2,         58,           3,          1,       44, -1
       3,       2,         59,           3,          1,       12, -1
       3,       2,         60,           3,          1,      100, -1
       3,       2,         61,           3,          1,       68, -1
       3,       2,         62,           3,          1,       36, -1
       3,       2,         63,           3,          1,        4, -1
       3,       2,         64,           3,          1,      123, -1
       3,       2,         65,           3,          1,       91, -1
       3,       2,         66,           3,          1,       59, -1
       3,       2,         67,           3,          1,       27, -1
       3,       2,         68,           3,          1,      115, -1
       3,       2,         69,           3,          1,       83, -1
       3,       2,         70,           3,          1,       51, -1
       3,       2,         71,           3,          1,       19, -1
       3,       2,         72,           3,          1,      107, -1
       3,       2,         73,           3,          1,       75, -1
       3,       2,         74,           3,          1,       43, -1
       3,       2,         75,           3,          1,       11, -1
       3,       2,         76,           3,          1,       99, -1
       3,       2,         77,           3,          1,       67, -1
       3,       2,         78,           3,          1,       35, -1
       3,       2,         79,           3,          1,        3, -1
       3,       2,         80,           3,          1,      122, -1
       3,       2,         81,           3,          1,       90, -1
       3,       2,         82,           3,          1,       58, -1
       3,       2,         83,           3,          1,       26, -1
       3,       2,         84,           3,          1,      114, -1
       3,       2,         85,           3,          1,       82, -1
       3,       2,         86,           3,          1,       50, -1
       3,       2,         87,           3,          1,       18, -1
       3,       2,         88,           3,          1,      106, -1
       3,       2,         89,           3,          1,       74, -1
       3,       2,         90,           3,          1,       42, -1
       3,       2,         91,           3,          1,       10, -1
       3,       2,         92,           3,          1,       98, -1
       3,       2,         93,           3,          1,       66, -1
       3,       2,         94,           3,          1,       34, -1
       3,       2,         95,           3,          1,        2, -1
       3,       2,         96,           3,          1,      121, -1
       3,       2,         97,           3,          1,       89, -1
       3,       2,         98,           3,          1,       57, -1
       3,       2,         99,           3,          1,       25, -1
       3,       2,        100,           3,          1,      113, -1
       3,       2,        101,           3,          1,       81, -1
       3,       2,        102,           3,          1,       49, -1
       3,       2,        103,           3,          1,       17, -1
       3,       2,        104,           3,          1,      105, -1
       3,       2,        105,           3,          1,       73, -1
       3,       2,        106,           3,          1,       41, -1
       3,       2,        107,           3,          1,        9, -1
       3,       2,        108,           3,          1,       97, -1
       3,       2,        109,           3,          1,       65, -1
       3,       2,        110,           3,          1,       33, -1
       3,       2,        111,           3,          1,        1, -1
       3,       2,        112,           3,          1,      120, -1
       3,       2,        113,           3,          1,       88, -1
       3,       2,        114,           3,          1,       56, -1
       3,       2,        115,           3,          1,       24, -1
       3,       2,        116,           3,          1,      112, -1
       3,       2,        117,           3,          1,       80, -1
       3,       2,        118,           3,          1,       48, -1
       3,       2,        119,           3,          1,       16, -1
       3,       2,        120,           3,          1,      104, -1
       3,       2,        121,           3,          1,       72, -1
       3,       2,        122,           3,          1,       40, -1
       3,       2,        123,           3,          1,        8, -1
       3,       2,        124,           3,          1,       96, -1
       3,       2,        125,           3,          1,       64, -1
       3,       2,        126,           3,          1,       32, -1
       3,       2,        127,           3,          1,        0, -1
       3,       3,          0,           3,          1,      255, -1
       3,       3,          1,           3,          1,      223, -1
       3,       3,          2,           3,          1,      191, -1
       3,       3,          3,           3,          1,      159, -1
       3,       3,          4,           3,          1,      247, -1
       3,       3,          5,           3,          1,      215, -1
       3,       3,          6,           3,          1,      183, -1
       3,       3,          7,           3,          1,      151, -1
       3,       3,          8,           3,          1,      239, -1
       3,       3,          9,           3,          1,      207, -1
       3,       3,         10,           3,          1,      175, -1
       3,       3,         11,           3,          1,      143, -1
       3,       3,         12,           3,          1,      231, -1
       3,       3,         13,           3,          1,      199, -1
       3,       3,         14,           3,          1,      167, -1
       3,       3,         15,           3,          1,      135, -1
       3,       3,         16,           3,          1,      254, -1
       3,       3,         17,           3,          1,      222, -1
       3,       3,         18,           3,          1,      190, -1
       3,       3,         19,           3,          1,      158, -1
       3,       3,         20,           3,          1,      246, -1
       3,       3,         21,           3,          1,      214, -1
       3,       3,         22,           3,          1,      182, -1
       3,       3,         23,           3,          1,      150, -1
       3,       3,         24,           3,          1,      238, -1
       3,       3,         25,           3,          1,      206, -1
       3,       3,         26,           3,          1,      174, -1
       3,       3,         27,           3,          1,      142, -1
       3,       3,         28,           3,          1,      230, -1
       3,       3,         29,           3,          1,      198, -1
       3,       3,         30,           3,          1,      166, -1
       3,       3,         31,           3,          1,      134, -1
       3,       3,         32,           3,          1,      253, -1
       3,       3,         33,           3,          1,      221, -1
       3,       3,         34,           3,          1,      189, -1
       3,       3,         35,           3,          1,      157, -1
       3,       3,         36,           3,          1,      245, -1
       3,       3,         37,           3,          1,      213, -1
       3,       3,         38,           3,          1,      181, -1
       3,       3,         39,           3,          1,      149, -1
       3,       3,         40,           3,          1,      237, -1
       3,       3,         41,           3,          1,      205, -1
       3,       3,         42,           3,          1,      173, -1
       3,       3,         43,           3,          1,      141, -1
       3,       3,         44,           3,          1,      229, -1
       3,       3,         45,           3,          1,      197, -1
       3,       3,         46,           3,          1,      165, -1
       3,       3,         47,           3,          1,      133, -1
       3,       3,         48,           3,          1,      252, -1
       3,       3,         49,           3,          1,      220, -1
       3,       3,         50,           3,          1,      188, -1
       3,       3,         51,           3,          1,      156, -1
       3,       3,         52,           3,          1,      244, -1
       3,       3,         53,           3,          1,      212, -1
       3,       3,         54,           3,          1,      180, -1
       3,       3,         55,           3,          1,      148, -1
       3,       3,         56,           3,          1,      236, -1
       3,       3,         57,           3,          1,      204, -1
       3,       3,         58,           3,          1,      172, -1
       3,       3,         59,           3,          1,      140, -1
       3,       3,         60,           3,          1,      228, -1
       3,       3,         61,           3,          1,      196, -1
       3,       3,         62,           3,          1,      164, -1
       3,       3,         63,           3,          1,      132, -1
       3,       3,         64,           3,          1,      251, -1
       3,       3,         65,           3,          1,      219, -1
       3,       3,         66,           3,          1,      187, -1
       3,       3,         67,           3,          1,      155, -1
       3,       3,         68,           3,          1,      243, -1
       3,       3,         69,           3,          1,      211, -1
       3,       3,         70,           3,          1,      179, -1
       3,       3,         71,           3,          1,      147, -1
       3,       3,         72,           3,          1,      235, -1
       3,       3,         73,           3,          1,      203, -1
       3,       3,         74,           3,          1,      171, -1
       3,       3,         75,           3,          1,      139, -1
       3,       3,         76,           3,          1,      227, -1
       3,       3,         77,           3,          1,      195, -1
       3,       3,         78,           3,          1,      163, -1
       3,       3,         79,           3,          1,      131, -1
       3,       3,         80,           3,          1,      250, -1
       3,       3,         81,           3,          1,      218, -1
       3,       3,         82,           3,          1,      186, -1
       3,       3,         83,           3,          1,      154, -1
       3,       3,         84,           3,          1,      242, -1
       3,       3,         85,           3,          1,      210, -1
       3,       3,         86,           3,          1,      178, -1
       3,       3,         87,           3,          1,      146, -1
       3,       3,         88,           3,          1,      234, -1
       3,       3,         89,           3,          1,      202, -1
       3,       3,         90,           3,          1,      170, -1
       3,       3,         91,           3,          1,      138, -1
       3,       3,         92,           3,          1,      226, -1
       3,       3,         93,           3,          1,      194, -1
       3,       3,         94,           3,          1,      162, -1
       3,       3,         95,           3,          1,      130, -1
       3,       3,         96,           3,          1,      249, -1
       3,       3,         97,           3,          1,      217, -1
       3,       3,         98,           3,          1,      185, -1
       3,       3,         99,           3,          1,      153, -1
       3,       3,        100,           3,          1,      241, -1
       3,       3,        101,           3,          1,      209, -1
       3,       3,        102,           3,          1,      177, -1
       3,       3,        103,           3,          1,      145, -1
       3,       3,        104,           3,          1,      233, -1
       3,       3,        105,           3,          1,      201, -1
       3,       3,        106,           3,          1,      169, -1
       3,       3,        107,           3,          1,      137, -1
       3,       3,        108,           3,          1,      225, -1
       3,       3,        109,           3,          1,      193, -1
       3,       3,        110,           3,          1,      161, -1
       3,       3,        111,           3,          1,      129, -1
       3,       3,        112,           3,          1,      248, -1
       3,       3,        113,           3,          1,      216, -1
       3,       3,        114,           3,          1,      184, -1
       3,       3,        115,           3,          1,      152, -1
       3,       3,        116,           3,          1,      240, -1
       3,       3,        117,           3,          1,      208, -1
       3,       3,        118,           3,          1,      176, -1
       3,       3,        119,           3,          1,      144, -1
       3,       3,        120,           3,          1,      232, -1
       3,       3,        121,           3,          1,      200, -1
       3,       3,        122,           3,          1,      168, -1
       3,       3,        123,           3,          1,      136, -1
       3,       3,        124,           3,          1,      224, -1
       3,       3,        125,           3,          1,      192, -1
       3,       3,        126,           3,          1,      160, -1
       3,       3,        127,           3,          1,      128, -1
